url,source
https://www.indeed.com/jobs?q=software+engineer&l=United+States,indeed
https://www.indeed.com/jobs?q=data+scientist&l=United+States,indeed
https://www.indeed.com/jobs?q=web+developer&l=United+States,indeed
https://www.indeed.com/jobs?q=product+manager&l=United+States,indeed
https://www.indeed.com/jobs?q=devops+engineer&l=United+States,indeed
https://www.indeed.com/jobs?q=ux+designer&l=United+States,indeed
https://www.indeed.com/jobs?q=marketing+manager&l=United+States,indeed
https://www.indeed.com/jobs?q=sales+representative&l=United+States,indeed
https://www.indeed.com/jobs?q=project+manager&l=United+States,indeed
https://www.indeed.com/jobs?q=quality+assurance&l=United+States,indeed
https://www.indeed.com/jobs?q=remote+software+engineer&l=United+States,indeed
https://www.indeed.com/jobs?q=remote+data+scientist&l=United+States,indeed
https://www.indeed.com/jobs?q=remote+web+developer&l=United+States,indeed
https://www.glassdoor.com/Job/united-states-software-engineer-jobs-SRCH_IL.0,glassdoor
https://www.glassdoor.com/Job/united-states-data-scientist-jobs-SRCH_IL.0,glassdoor
https://www.glassdoor.com/Job/united-states-web-developer-jobs-SRCH_IL.0,glassdoor
https://www.glassdoor.com/Job/united-states-product-manager-jobs-SRCH_IL.0,glassdoor
https://www.glassdoor.com/Job/united-states-devops-engineer-jobs-SRCH_IL.0,glassdoor
https://www.glassdoor.com/Job/united-states-ux-designer-jobs-SRCH_IL.0,glassdoor
https://www.glassdoor.com/Job/united-states-marketing-manager-jobs-SRCH_IL.0,glassdoor
https://www.glassdoor.com/Job/united-states-sales-representative-jobs-SRCH_IL.0,glassdoor
https://www.glassdoor.com/Job/united-states-project-manager-jobs-SRCH_IL.0,glassdoor
https://www.glassdoor.com/Job/united-states-quality-assurance-jobs-SRCH_IL.0,glassdoor
https://www.simplyhired.com/search?q=software+engineer&l=united+states,simplyhired
https://www.simplyhired.com/search?q=data+scientist&l=united+states,simplyhired
https://www.simplyhired.com/search?q=web+developer&l=united+states,simplyhired
https://www.simplyhired.com/search?q=product+manager&l=united+states,simplyhired
https://www.simplyhired.com/search?q=devops+engineer&l=united+states,simplyhired
https://www.simplyhired.com/search?q=ux+designer&l=united+states,simplyhired
https://www.simplyhired.com/search?q=marketing+manager&l=united+states,simplyhired
https://www.simplyhired.com/search?q=sales+representative&l=united+states,simplyhired
https://www.simplyhired.com/search?q=project+manager&l=united+states,simplyhired
https://www.simplyhired.com/search?q=quality+assurance&l=united+states,simplyhired
https://wellfound.com/jobs?keyword=software+engineer&location=United+States,wellfound
https://wellfound.com/jobs?keyword=data+scientist&location=United+States,wellfound
https://wellfound.com/jobs?keyword=web+developer&location=United+States,wellfound
https://wellfound.com/jobs?keyword=product+manager&location=United+States,wellfound
https://wellfound.com/jobs?keyword=devops+engineer&location=United+States,wellfound
https://wellfound.com/jobs?keyword=ux+designer&location=United+States,wellfound
https://wellfound.com/jobs?keyword=marketing+manager&location=United+States,wellfound
https://wellfound.com/jobs?keyword=sales+representative&location=United+States,wellfound
https://wellfound.com/jobs?keyword=project+manager&location=United+States,wellfound
https://wellfound.com/jobs?keyword=quality+assurance&location=United+States,wellfound
https://www.monster.com/jobs/search?q=software+engineer&where=united+states,monster
https://www.monster.com/jobs/search?q=data+scientist&where=united+states,monster
https://www.monster.com/jobs/search?q=web+developer&where=united+states,monster
https://www.monster.com/jobs/search?q=product+manager&where=united+states,monster
https://www.monster.com/jobs/search?q=devops+engineer&where=united+states,monster
https://www.monster.com/jobs/search?q=ux+designer&where=united+states,monster
https://www.monster.com/jobs/search?q=marketing+manager&where=united+states,monster
https://www.monster.com/jobs/search?q=sales+representative&where=united+states,monster
https://www.monster.com/jobs/search?q=project+manager&where=united+states,monster
https://www.monster.com/jobs/search?q=quality+assurance&where=united+states,monster
